<?xml version="1.0" encoding="UTF-8"?>
<DARoots Version="1" Minor="30">
  <FileSet Name="sources_1" Type="DesignSrcs" RelSrcDir="$PSRCDIR/sources_1">
    <Filter Type="Srcs"/>
    <File Path="$PSRCDIR/sources_1/imports/i2s_audio/family_support.vhd">
      <FileInfo>
        <Attr Name="ImportPath" Val="$PPRDIR/../../../sources/lab4/zed_audio_ctrl/zed_audio_ctrl.srcs/sources_1/imports/i2s_audio/family_support.vhd"/>
        <Attr Name="ImportTime" Val="1370342986"/>
        <Attr Name="UsedInSynthesis" Val="1"/>
        <Attr Name="UsedInSimulation" Val="1"/>
        <Attr Name="UsedIn" Val="synthesis"/>
        <Attr Name="UsedIn" Val="implementation"/>
        <Attr Name="UsedIn" Val="simulation"/>
      </FileInfo>
    </File>
    <File Path="$PSRCDIR/sources_1/imports/i2s_audio/common_types.vhd">
      <FileInfo>
        <Attr Name="ImportPath" Val="$PPRDIR/../../../sources/lab4/zed_audio_ctrl/zed_audio_ctrl.srcs/sources_1/imports/i2s_audio/common_types.vhd"/>
        <Attr Name="ImportTime" Val="1374686638"/>
        <Attr Name="UsedInSynthesis" Val="1"/>
        <Attr Name="UsedInSimulation" Val="1"/>
        <Attr Name="UsedIn" Val="synthesis"/>
        <Attr Name="UsedIn" Val="implementation"/>
        <Attr Name="UsedIn" Val="simulation"/>
      </FileInfo>
    </File>
    <File Path="$PSRCDIR/sources_1/imports/i2s_audio/pselect_f.vhd">
      <FileInfo>
        <Attr Name="ImportPath" Val="$PPRDIR/../../../sources/lab4/zed_audio_ctrl/zed_audio_ctrl.srcs/sources_1/imports/i2s_audio/pselect_f.vhd"/>
        <Attr Name="ImportTime" Val="1374686666"/>
        <Attr Name="UsedInSynthesis" Val="1"/>
        <Attr Name="UsedInSimulation" Val="1"/>
        <Attr Name="UsedIn" Val="synthesis"/>
        <Attr Name="UsedIn" Val="implementation"/>
        <Attr Name="UsedIn" Val="simulation"/>
      </FileInfo>
    </File>
    <File Path="$PSRCDIR/sources_1/imports/i2s_audio/address_decoder.vhd">
      <FileInfo>
        <Attr Name="ImportPath" Val="$PPRDIR/../../../sources/lab4/zed_audio_ctrl/zed_audio_ctrl.srcs/sources_1/imports/i2s_audio/address_decoder.vhd"/>
        <Attr Name="ImportTime" Val="1374686706"/>
        <Attr Name="UsedInSynthesis" Val="1"/>
        <Attr Name="UsedInSimulation" Val="1"/>
        <Attr Name="UsedIn" Val="synthesis"/>
        <Attr Name="UsedIn" Val="implementation"/>
        <Attr Name="UsedIn" Val="simulation"/>
      </FileInfo>
    </File>
    <File Path="$PSRCDIR/sources_1/imports/i2s_audio/slave_attachment.vhd">
      <FileInfo>
        <Attr Name="ImportPath" Val="$PPRDIR/../../../sources/lab4/zed_audio_ctrl/zed_audio_ctrl.srcs/sources_1/imports/i2s_audio/slave_attachment.vhd"/>
        <Attr Name="ImportTime" Val="1374686196"/>
        <Attr Name="UsedInSynthesis" Val="1"/>
        <Attr Name="UsedInSimulation" Val="1"/>
        <Attr Name="UsedIn" Val="synthesis"/>
        <Attr Name="UsedIn" Val="implementation"/>
        <Attr Name="UsedIn" Val="simulation"/>
      </FileInfo>
    </File>
    <File Path="$PSRCDIR/sources_1/imports/i2s_audio/iis_ser.vhd">
      <FileInfo>
        <Attr Name="ImportPath" Val="$PPRDIR/../../../sources/lab4/zed_audio_ctrl/zed_audio_ctrl.srcs/sources_1/imports/i2s_audio/iis_ser.vhd"/>
        <Attr Name="ImportTime" Val="1344325822"/>
        <Attr Name="UsedInSynthesis" Val="1"/>
        <Attr Name="UsedInSimulation" Val="1"/>
        <Attr Name="UsedIn" Val="synthesis"/>
        <Attr Name="UsedIn" Val="implementation"/>
        <Attr Name="UsedIn" Val="simulation"/>
      </FileInfo>
    </File>
    <File Path="$PSRCDIR/sources_1/imports/i2s_audio/iis_deser.vhd">
      <FileInfo>
        <Attr Name="ImportPath" Val="$PPRDIR/../../../sources/lab4/zed_audio_ctrl/zed_audio_ctrl.srcs/sources_1/imports/i2s_audio/iis_deser.vhd"/>
        <Attr Name="ImportTime" Val="1325917570"/>
        <Attr Name="UsedInSynthesis" Val="1"/>
        <Attr Name="UsedInSimulation" Val="1"/>
        <Attr Name="UsedIn" Val="synthesis"/>
        <Attr Name="UsedIn" Val="implementation"/>
        <Attr Name="UsedIn" Val="simulation"/>
      </FileInfo>
    </File>
    <File Path="$PSRCDIR/sources_1/imports/i2s_audio/user_logic.vhd">
      <FileInfo>
        <Attr Name="ImportPath" Val="$PPRDIR/../../../sources/lab4/zed_audio_ctrl/zed_audio_ctrl.srcs/sources_1/imports/i2s_audio/user_logic.vhd"/>
        <Attr Name="ImportTime" Val="1374684866"/>
        <Attr Name="UsedInSynthesis" Val="1"/>
        <Attr Name="UsedInSimulation" Val="1"/>
        <Attr Name="UsedIn" Val="synthesis"/>
        <Attr Name="UsedIn" Val="implementation"/>
        <Attr Name="UsedIn" Val="simulation"/>
      </FileInfo>
    </File>
    <File Path="$PSRCDIR/sources_1/imports/i2s_audio/axi_lite_ipif.vhd">
      <FileInfo>
        <Attr Name="ImportPath" Val="$PPRDIR/../../../sources/lab4/zed_audio_ctrl/zed_audio_ctrl.srcs/sources_1/imports/i2s_audio/axi_lite_ipif.vhd"/>
        <Attr Name="ImportTime" Val="1374686092"/>
        <Attr Name="UsedInSynthesis" Val="1"/>
        <Attr Name="UsedInSimulation" Val="1"/>
        <Attr Name="UsedIn" Val="synthesis"/>
        <Attr Name="UsedIn" Val="implementation"/>
        <Attr Name="UsedIn" Val="simulation"/>
      </FileInfo>
    </File>
    <File Path="$PSRCDIR/sources_1/imports/i2s_audio/i2s_ctrl.vhd">
      <FileInfo>
        <Attr Name="ImportPath" Val="$PPRDIR/../../../sources/lab4/zed_audio_ctrl/zed_audio_ctrl.srcs/sources_1/imports/i2s_audio/i2s_ctrl.vhd"/>
        <Attr Name="ImportTime" Val="1374686730"/>
        <Attr Name="UsedInSynthesis" Val="1"/>
        <Attr Name="UsedInSimulation" Val="1"/>
        <Attr Name="UsedIn" Val="synthesis"/>
        <Attr Name="UsedIn" Val="implementation"/>
        <Attr Name="UsedIn" Val="simulation"/>
      </FileInfo>
    </File>
    <File Path="$PPRDIR/component.xml">
      <FileInfo SFType="IPXACT"/>
    </File>
    <Config>
      <Option Name="DesignMode" Val="RTL"/>
      <Option Name="TopModule" Val="i2s_ctrl"/>
      <Option Name="TopAutoSet" Val="TRUE"/>
    </Config>
  </FileSet>
</DARoots>
